Date,Close,High,Low,Open,Volume,Growth,Company
2024-08-02,107.25342559814500,108.70320617940100,101.35434313138800,103.74397331446900,482027500,3.38000000000000,NVDA
2024-08-05,100.43448638916000,103.39403604617900,90.6759989303684,92.04578250558620,552842400,9.11000000000000,NVDA
2024-08-06,104.23389434814500,107.69335889505700,100.53446901489200,103.82395402777400,409012100,0.39000000000000,NVDA
2024-08-07,98.89472961425780,108.78320175369600,98.67476236695520,107.79334914083400,411440400,-8.26000000000000,NVDA
2024-08-08,104.95378875732400,105.4837056790840,97.50493482201370,101.98424624897200,391910000,2.91000000000000,NVDA
2024-08-09,104.73382568359400,106.58353850176600,103.41402980827000,105.62368764955000,290844200,-0.84000000000000,NVDA
2024-08-12,109.00315856933600,111.05284499934000,106.24359034201200,106.30357863401900,325559900,2.54000000000000,NVDA
2024-08-13,116.12206268310500,116.21205275014300,111.56276937230300,112.42263716382700,312646700,3.29000000000000,NVDA
2024-08-14,118.061767578125,118.5816839218170,114.05238467793800,118.51169503654600,339246400,-0.38,NVDA
2024-08-15,122.84102630615200,123.22096487339500,117.45185933948600,118.74166102931200,318086700,3.45000000000000,NVDA
2024-08-16,124.56076049804700,124.98069379843800,121.16128410108600,121.92116885528100,302589900,2.16000000000000,NVDA
2024-08-19,129.97991943359400,129.97991943359400,123.40093398841400,124.26080175800100,318333600,4.60000000000000,NVDA
2024-08-20,127.23035430908200,129.85995315446400,125.87056366455900,128.38017066195400,300087400,-0.90000000000000,NVDA
2024-08-21,128.48016357421900,129.3300384630810,126.6404512748560,127.3003454245950,257883600,0.93,NVDA
2024-08-22,123.72088623046900,130.72980567240000,123.08098568867800,129.99992269264600,376189100,-4.83000000000000,NVDA
2024-08-23,129.3500213623050,129.57999683666500,125.200668193686,125.840568772239,323230300,2.79,NVDA
2024-08-26,126.44046783447300,131.23972191640200,124.35079428830500,129.54999574566500,331964700,-2.40000000000000,NVDA
2024-08-27,128.2801971435550,129.18005210632100,123.86087366966500,125.03069885205100,303134600,2.6,NVDA
2024-08-28,125.59060668945300,128.3101879476670,122.62106403071500,128.1002136583970,448101100,-1.96,NVDA
2024-08-29,117.57183837890600,124.41078612954600,116.69197701250700,121.34126049654900,453023300,-3.11000000000000,NVDA
2024-08-30,119.35157012939500,121.73119987357800,117.20190059777000,119.51154145619000,333751600,-0.13000000000000,NVDA
2024-09-03,107.98332214355500,116.19205340223000,107.27343270040400,115.99208733843600,477155100,-6.90000000000000,NVDA
2024-09-04,106.19359588623000,113.25250309042700,104.10392232985300,105.39372401610900,372470300,0.76000000000000,NVDA
2024-09-05,107.19344329834000,109.63306894505400,104.74382468818000,104.97378489888200,306850700,2.11000000000000,NVDA
2024-09-06,102.81411743164100,108.13329533322800,100.93440295773500,108.02331171493700,413638100,-4.82000000000000,NVDA
2024-09-09,106.45355224609400,106.53354171734700,103.67398295988200,104.86379392485500,273912000,1.52000000000000,NVDA
2024-09-10,108.08330535888700,109.38310766040400,104.93379026537800,107.7933492261420,268283700,0.27,NVDA
2024-09-11,116.8919448852540,117.17190041388500,107.40340528796000,109.3731022078220,441422400,6.8700000000000,NVDA
2024-09-12,119.13179016113300,120.78167799522400,115.37204710427900,116.83194558890100,367100500,1.97000000000000,NVDA
2024-09-13,119.09178924560500,119.95173057852900,117.59189263639400,119.07179398085200,238358300,0.02000000000000,NVDA
2024-09-16,116.7719497680660,118.17185479944200,114.35211839645500,116.78195121490400,248772300,-0.01,NVDA
2024-09-17,115.58203125,118.79181676838000,114.82208911294700,118.16185529801100,231925900,-2.18,NVDA
2024-09-18,113.36219024658200,117.69188606173000,113.21219905753700,115.88201323283200,310318900,-2.17000000000000,NVDA
2024-09-19,117.86187744140600,119.65175496418400,117.24191743438000,117.34190901516000,293506400,0.44000000000000,NVDA
2024-09-20,115.99200439453100,118.61182655052500,115.3820458300780,117.05192889000200,382462400,-0.91000000000000,NVDA
2024-09-23,116.25199127197300,116.98193669935200,114.85208621282300,116.54197220506500,206228500,-0.25000000000000,NVDA
2024-09-24,120.8616714477540,121.79160765009000,115.37204436838400,116.51196518042500,354966800,3.73,NVDA
2024-09-25,123.50149536132800,124.93139717496100,121.6016246984160,122.01159249257600,284692900,1.22000000000000,NVDA
2024-09-26,124.03145599365200,127.66120318223100,121.7916124398360,126.79126799764800,302582900,-2.18000000000000,NVDA
2024-09-27,121.39163970947300,124.02145581335300,119.25178771918000,123.96146238728400,271009200,-2.07000000000000,NVDA
2024-09-30,121.43163299560500,121.49162641926600,118.14185882154500,118.30184382759600,226553700,2.65000000000000,NVDA
2024-10-01,116.99193572998000,122.43156321712500,115.7820200451600,121.76160359919300,302094500,-3.92000000000000,NVDA
2024-10-02,118.84181213378900,119.37177440698200,115.13206859256900,116.43198210063600,221845900,2.07000000000000,NVDA
2024-10-03,122.84153747558600,124.3514356140470,120.33170820972300,120.91167009454500,277118000,1.60000000000000,NVDA
2024-10-04,124.91139221191400,125.03138669129700,121.8216087492720,124.9313951062460,243678100,-0.02,NVDA
2024-10-07,127.7112045288090,130.63100158341000,124.94139103988900,124.98138920036100,346250200,2.18,NVDA
2024-10-08,132.88084411621100,133.47079980711700,129.4110819564620,130.25102042396200,285722500,2.02000000000000,NVDA
2024-10-09,132.64085388183600,134.51073540803500,131.37095237452500,134.100759996507,246191600,-1.09,NVDA
2024-10-10,134.8007049560550,134.99069430038200,130.9909700248150,131.9009109593640,242311300,2.2000000000000,NVDA
2024-10-11,134.79071044921900,135.77063861955800,133.65078964681800,134.00075636449900,170209500,0.59000000000000,NVDA
2024-10-14,138.0605010986330,139.59039453634400,136.29061869232000,136.46060515676100,232347700,1.17,NVDA
2024-10-15,131.5909423828130,138.5604635568480,128.73113875001100,137.86049956193600,377831000,-4.55,NVDA
2024-10-16,135.7106475830080,136.61057945313800,131.57093351648100,133.97076200865300,264879700,1.3,NVDA
2024-10-17,136.92056274414100,140.88029674498200,136.86056931738700,139.3304004369880,306435900,-1.73,NVDA
2024-10-18,137.99049377441400,138.89042567419500,137.27054215149400,138.66044579007100,176090200,-0.48000000000000,NVDA
2024-10-21,143.70010375976600,143.70010375976600,137.99049051839000,138.12048644265900,264554500,4.04000000000000,NVDA
2024-10-22,143.58010864257800,144.4100533191970,141.7702357215280,142.90016279151000,226311600,0.48000000000000,NVDA
2024-10-23,139.55038452148400,142.42018195043700,137.45053832630100,142.0202156059460,285930000,-1.74,NVDA
2024-10-24,140.40032958984400,141.34026726626700,138.45046699393300,140.81030500321800,172354900,-0.29000000000000,NVDA
2024-10-25,141.53024291992200,144.12007609663000,140.7903036617810,140.9202843311160,205122100,0.43,NVDA
2024-10-28,140.51031494140600,143.13012940104100,140.0403461288820,142.9901396648260,173586700,-1.73,NVDA
2024-10-29,141.24026489257800,142.25018978946700,138.89042075410200,140.28032434344400,157593600,0.68000000000000,NVDA
2024-10-30,139.3303985595700,140.32033586087600,136.80057404730400,139.5303817319660,179418100,-0.1400000000000,NVDA
2024-10-31,132.7508544921880,137.60052669145000,132.10090534528100,137.59053287269700,270039600,-3.52,NVDA
2024-11-01,135.3906707763670,137.30054292300900,134.56074135376800,134.69072202720900,207127800,0.52,NVDA
2024-11-04,136.04063415527300,138.95043742398000,135.56067148198000,137.20055793532500,187528200,-0.85000000000000,NVDA
2024-11-05,139.90036010742200,140.36031985674200,137.32053610774500,137.44052295404800,160537400,1.79000000000000,NVDA
2024-11-06,145.59996032714800,146.47990453076200,141.95021810961600,142.9501491563640,242043900,1.85,NVDA
2024-11-07,148.8697509765630,148.91973532669100,146.15993091069300,146.37991697911300,207323300,1.7,NVDA
2024-11-08,147.6198272705080,149.7596791286020,146.24991134304400,148.75974806860000,175665800,-0.77,NVDA
2024-11-11,145.24998474121100,148.83974895267800,143.56011401444000,148.66974724045100,182325600,-2.30000000000000,NVDA
2024-11-12,148.27976989746100,149.63967674683400,145.9999283055320,146.76987949246200,198634700,1.03000000000000,NVDA
2024-11-13,146.25991821289100,149.31970476911400,145.88993335100800,149.0597281902190,191903300,-1.88,NVDA
2024-11-14,146.7498779296880,148.98972901300400,145.53996988270700,147.62982215130100,194463300,-0.6,NVDA
2024-11-15,141.97021484375,145.23000003001400,140.0703518362650,144.86001514374500,250132900,-1.99,NVDA
2024-11-18,140.1403350830080,141.54024775288800,137.14054183607000,139.49038598260000,221866000,0.47,NVDA
2024-11-19,146.99986267089800,147.1198647758360,140.98028855106600,141.31026763860300,227834900,4.03000000000000,NVDA
2024-11-20,145.87994384765600,147.54982691113300,142.72015799039700,147.39984335305400,309871700,-1.03000000000000,NVDA
2024-11-21,146.65989685058600,152.8794696932070,140.69030679020000,149.3397202101670,400946600,-1.79,NVDA
2024-11-22,141.94021606445300,147.1498637894420,141.0902837872630,145.91993755545400,236406200,-2.73000000000000,NVDA
2024-11-25,136.01063537597700,142.0402188161130,135.81065220328700,141.98022539008,344941900,-4.2,NVDA
2024-11-26,136.9105682373050,139.29040920481200,135.66065432710000,137.69051329665400,190287700,-0.57,NVDA
2024-11-27,135.33067321777300,137.21054859333100,131.79092378994900,135.00069411944200,226370900,0.24000000000000,NVDA
2024-11-29,138.240478515625,139.34040886007400,136.04063308446500,136.77057853610600,141863200,1.07,NVDA
2024-12-02,138.62045288085900,140.44031954365500,137.8105111334030,138.82043604874300,171682800,-0.14000000000000,NVDA
2024-12-03,140.25033569335900,140.5303151909220,137.9404972096010,138.25047342063500,164414000,1.45000000000000,NVDA
2024-12-04,145.1300048828130,145.7799540199720,140.2803327562800,141.99022171712400,231224300,2.21,NVDA
2024-12-05,145.05999755859400,146.5399932861330,143.9499969482420,145.11000061035200,172621200,-0.03000000000000,NVDA
2024-12-06,142.44000244140600,145.6999969482420,141.30999755859400,144.60000610351600,188505600,-1.49000000000000,NVDA
2024-12-09,138.80999755859400,139.9499969482420,137.1300048828130,138.97000122070300,189308600,-0.12000000000000,NVDA
2024-12-10,135.07000732421900,141.82000732421900,133.7899932861330,139.00999450683600,210020900,-2.83000000000000,NVDA
2024-12-11,139.30999755859400,140.1699981689450,135.2100067138670,137.36000061035200,184905200,1.42000000000000,NVDA
2024-12-12,137.33999633789100,138.44000244140600,135.8000030517580,137.0800018310550,159211400,0.19,NVDA
2024-12-13,134.25,139.60000610351600,132.5399932861330,138.94000244140600,231514900,-3.38,NVDA
2024-12-16,132.0,134.39999389648400,130.4199981689450,134.17999267578100,237951100,-1.62,NVDA
2024-12-17,130.38999938964800,131.58999633789100,126.86000061035200,129.08999633789100,259410300,1.01000000000000,NVDA
2024-12-18,128.91000366210900,136.6999969482420,128.27999877929700,133.86000061035200,277444500,-3.70000000000000,NVDA
2024-12-19,130.67999267578100,134.02999877929700,129.5500030517580,131.75999450683600,209719200,-0.82000000000000,NVDA
2024-12-20,134.6999969482420,135.27999877929700,128.22000122070300,129.80999755859400,306528600,3.77,NVDA
2024-12-23,139.6699981689450,139.7899932861330,135.1199951171880,136.27999877929700,176053500,2.49,NVDA
2024-12-24,140.22000122070300,141.89999389648400,138.64999389648400,140.0,105157000,0.16,NVDA
2024-12-26,139.92999267578100,140.85000610351600,137.72999572753900,139.6999969482420,116205600,0.16,NVDA
2024-12-27,137.00999450683600,139.02000427246100,134.7100067138670,138.5500030517580,170582600,-1.11,NVDA
2024-12-30,137.49000549316400,140.27000427246100,134.02000427246100,134.8300018310550,167734700,1.97,NVDA
2024-12-31,134.2899932861330,138.07000732421900,133.8300018310550,138.02999877929700,155659200,-2.71,NVDA
2025-01-02,138.30999755859400,138.8800048828130,134.6300048828130,136.0,198247200,1.7,NVDA
2025-01-03,144.47000122070300,144.89999389648400,139.72999572753900,140.00999450683600,229322500,3.19000000000000,NVDA
2025-01-06,149.42999267578100,152.16000366210900,147.82000732421900,148.58999633789100,265377400,0.57000000000000,NVDA
2025-01-07,140.13999938964800,153.1300048828130,140.00999450683600,153.02999877929700,351782200,-8.42000000000000,NVDA
2025-01-08,140.11000061035200,143.9499969482420,137.55999755859400,142.5800018310550,227349900,-1.73,NVDA
2025-01-10,135.91000366210900,139.9199981689450,134.22000122070300,137.4499969482420,207602500,-1.12,NVDA
2025-01-13,133.22999572753900,133.49000549316400,129.50999450683600,129.99000549316400,204808900,2.49000000000000,NVDA
2025-01-14,131.75999450683600,136.3800048828130,130.0500030517580,136.0500030517580,195590500,-3.15,NVDA
2025-01-15,136.24000549316400,136.4499969482420,131.2899932861330,133.64999389648400,185217300,1.94000000000000,NVDA
2025-01-16,133.57000732421900,138.75,133.49000549316400,138.63999938964800,209235600,-3.66000000000000,NVDA
2025-01-17,137.7100067138670,138.5,135.4600067138670,136.69000244140600,201188800,0.75,NVDA
2025-01-21,140.8300018310550,141.8300018310550,137.08999633789100,139.16000366210900,197749000,1.2,NVDA
2025-01-22,147.07000732421900,147.7899932861330,143.6699981689450,144.66000366210900,237651400,1.67000000000000,NVDA
2025-01-23,147.22000122070300,147.22999572753900,143.72000122070300,145.0500030517580,155915500,1.5,NVDA
2025-01-24,142.6199951171880,148.97000122070300,141.8800048828130,148.3699951171880,234657600,-3.8800000000000,NVDA
2025-01-27,118.41999816894500,128.39999389648400,116.69999694824200,124.80000305175800,818830900,-5.11000000000000,NVDA
2025-01-28,128.99000549316400,129.0,116.25,121.80999755859400,579666400,5.89000000000000,NVDA
2025-01-29,123.69999694824200,126.88999938964800,120.05000305175800,126.5,467120600,-2.21,NVDA
2025-01-30,124.6500015258790,125.0,118.0999984741210,123.0999984741210,392925500,1.2600000000000,NVDA
2025-01-31,120.06999969482400,127.8499984741210,119.19000244140600,123.77999877929700,388161100,-3.00000000000000,NVDA
2024-08-02,132.5,137.10000610351600,131.3300018310550,133.5,78562000,-0.8,AMD
2024-08-05,134.82000732421900,139.13999938964800,121.83000183105500,122.16000366210900,76089400,10.36000000000000,AMD
2024-08-06,130.17999267578100,136.44000244140600,129.10000610351600,135.14999389648400,64455600,-3.68000000000000,AMD
2024-08-07,128.6699981689450,136.24000549316400,128.3699951171880,133.75,54676500,-3.8,AMD
2024-08-08,136.32000732421900,136.47999572753900,128.94000244140600,131.97000122070300,49037500,3.30000000000000,AMD
2024-08-09,134.27000427246100,135.5,132.44000244140600,134.69000244140600,40583000,-0.31000000000000,AMD
2024-08-12,136.77000427246100,137.99000549316400,133.22999572753900,134.44000244140600,39724300,1.73000000000000,AMD
2024-08-13,141.1300048828130,141.19000244140600,137.52000427246100,138.1199951171880,42218000,2.1800000000000,AMD
2024-08-14,140.75,143.25,137.63999938964800,143.0,35506400,-1.57,AMD
2024-08-15,147.36000061035200,147.9600067138670,141.80999755859400,143.0,43582400,3.05,AMD
2024-08-16,148.55999755859400,149.3699951171880,145.1999969482420,145.6999969482420,31123900,1.96,AMD
2024-08-19,155.27999877929700,155.3699951171880,147.72000122070300,148.42999267578100,60766900,4.61000000000000,AMD
2024-08-20,156.39999389648400,162.0399932861330,154.50999450683600,156.49000549316400,76851200,-0.06000000000000,AMD
2024-08-21,157.80999755859400,158.64999389648400,155.07000732421900,156.1199951171880,42791200,1.08,AMD
2024-08-22,151.6999969482420,159.83999633789100,151.00999450683600,158.8699951171880,45737300,-4.5100000000000,AMD
2024-08-23,154.97999572753900,156.39999389648400,151.8300018310550,153.60000610351600,43694600,0.90000000000000,AMD
2024-08-26,149.99000549316400,158.27999877929700,148.91000366210900,154.6999969482420,49893300,-3.04,AMD
2024-08-27,150.5,151.6999969482420,148.44000244140600,150.1300048828130,35102700,0.25,AMD
2024-08-28,146.36000061035200,150.42999267578100,144.72000122070300,149.39999389648400,34075800,-2.03000000000000,AMD
2024-08-29,145.49000549316400,149.49000549316400,144.47000122070300,146.58999633789100,31602100,-0.75000000000000,AMD
2024-08-30,148.55999755859400,148.99000549316400,145.25,147.52000427246100,31169100,0.70000000000000,AMD
2024-09-03,136.94000244140600,146.49000549316400,136.10000610351600,146.41000366210900,42172700,-6.47000000000000,AMD
2024-09-04,140.8699951171880,143.3699951171880,138.50999450683600,140.50999450683600,42130600,0.26,AMD
2024-09-05,139.44000244140600,141.7100067138670,137.8300018310550,138.1999969482420,25023000,0.9,AMD
2024-09-06,134.35000610351600,139.1300048828130,132.11000061035200,138.6999969482420,39993500,-3.14,AMD
2024-09-09,138.14999389648400,138.4499969482420,134.86000061035200,136.10000610351600,27194500,1.51000000000000,AMD
2024-09-10,142.83999633789100,143.0800018310550,137.25,139.05999755859400,37217500,2.72000000000000,AMD
2024-09-11,149.86000061035200,150.16000366210900,140.7100067138670,145.32000732421900,50935400,3.12000000000000,AMD
2024-09-12,150.77000427246100,151.5399932861330,147.64999389648400,148.42999267578100,29286200,1.58000000000000,AMD
2024-09-13,152.30999755859400,153.02999877929700,150.6999969482420,152.32000732421900,25117200,-0.01000000000000,AMD
2024-09-16,152.0800018310550,154.44000244140600,150.91000366210900,151.6999969482420,27677800,0.2500000000000,AMD
2024-09-17,150.82000732421900,154.0399932861330,149.22999572753900,153.5500030517580,29889000,-1.78,AMD
2024-09-18,148.2899932861330,152.82000732421900,148.00999450683600,150.89999389648400,26320100,-1.73,AMD
2024-09-19,156.74000549316400,159.25,152.77000427246100,153.80999755859400,44500000,1.90000000000000,AMD
2024-09-20,155.9499969482420,157.4499969482420,152.47000122070300,156.0,40248200,-0.03,AMD
2024-09-23,156.75,157.19000244140600,154.97000122070300,156.4499969482420,21728500,0.19,AMD
2024-09-24,158.32000732421900,159.63999938964800,154.5800018310550,157.4600067138670,27531200,0.55,AMD
2024-09-25,162.02000427246100,162.9499969482420,158.17999267578100,158.5,35233300,2.22,AMD
2024-09-26,167.49000549316400,168.67999267578100,164.0500030517580,167.05999755859400,38044900,0.26000000000000,AMD
2024-09-27,164.35000610351600,168.72999572753900,163.74000549316400,167.47999572753900,27876000,-1.87000000000000,AMD
2024-09-30,164.0800018310550,165.0800018310550,162.17999267578100,163.10000610351600,21881600,0.6,AMD
2024-10-01,159.75,165.39999389648400,158.0800018310550,164.47999572753900,31831900,-2.88,AMD
2024-10-02,159.77999877929700,163.10000610351600,158.6699981689450,159.30999755859400,24630400,0.30000000000000,AMD
2024-10-03,162.85000610351600,166.7899932861330,159.39999389648400,159.7100067138670,29598800,1.97,AMD
2024-10-04,170.89999389648400,171.2100067138670,164.4199981689450,166.52999877929700,44556500,2.62000000000000,AMD
2024-10-07,170.97000122070300,172.41000366210900,168.2100067138670,171.0800018310550,38379900,-0.06,AMD
2024-10-08,172.8000030517580,173.60000610351600,170.0,171.75,34730200,0.61,AMD
2024-10-09,171.02000427246100,174.0500030517580,169.5500030517580,174.0500030517580,33890700,-1.74,AMD
2024-10-10,164.17999267578100,172.00999450683600,162.0,169.75999450683600,75113600,-3.29000000000000,AMD
2024-10-11,167.88999938964800,169.35000610351600,163.00999450683600,164.19000244140600,42136200,2.25000000000000,AMD
2024-10-14,165.27000427246100,168.89999389648400,165.14999389648400,167.77000427246100,31757200,-1.49000000000000,AMD
2024-10-15,156.63999938964800,164.1300048828130,155.74000549316400,163.2100067138670,50768000,-4.03,AMD
2024-10-16,156.1300048828130,158.27999877929700,154.9199981689450,158.07000732421900,30575800,-1.23,AMD
2024-10-17,156.25,160.44000244140600,156.1999969482420,160.0,29491900,-2.34,AMD
2024-10-18,155.97000122070300,158.00999450683600,155.55999755859400,157.41000366210900,23823000,-0.91000000000000,AMD
2024-10-21,157.89999389648400,158.0,154.14999389648400,155.75999450683600,25781200,1.37000000000000,AMD
2024-10-22,154.08999633789100,156.74000549316400,151.91000366210900,156.60000610351600,34997400,-1.60000000000000,AMD
2024-10-23,152.91000366210900,153.4499969482420,150.52000427246100,153.0,26095900,-0.06,AMD
2024-10-24,153.44000244140600,155.19000244140600,152.35000610351600,154.74000549316400,22877000,-0.84000000000000,AMD
2024-10-25,156.22999572753900,158.91000366210900,155.0500030517580,155.39999389648400,29758500,0.53000000000000,AMD
2024-10-28,159.9199981689450,160.27999877929700,157.0399932861330,158.5,36010100,0.9,AMD
2024-10-29,166.25,167.50999450683600,158.94000244140600,161.10000610351600,71896000,3.2,AMD
2024-10-30,148.60000610351600,153.1199951171880,148.10000610351600,153.00999450683600,87701700,-2.88000000000000,AMD
2024-10-31,144.07000732421900,148.67999267578100,143.3300018310550,147.8000030517580,44386600,-2.52,AMD
2024-11-01,141.86000061035200,144.5399932861330,141.32000732421900,144.44000244140600,39027400,-1.79000000000000,AMD
2024-11-04,140.7100067138670,143.63999938964800,139.72000122070300,141.6999969482420,29117400,-0.7000000000000,AMD
2024-11-05,141.66000366210900,143.0800018310550,140.8000030517580,141.94000244140600,27067300,-0.20000000000000,AMD
2024-11-06,145.10000610351600,145.6300048828130,141.52000427246100,144.9499969482420,32911500,0.1,AMD
2024-11-07,149.82000732421900,150.1199951171880,145.66000366210900,146.67999267578100,30326400,2.14000000000000,AMD
2024-11-08,147.9499969482420,150.7100067138670,147.52999877929700,149.38999938964800,27560300,-0.96,AMD
2024-11-11,147.35000610351600,148.57000732421900,144.91000366210900,147.3800048828130,29868100,-0.02,AMD
2024-11-12,143.6300048828130,147.4499969482420,141.5500030517580,147.0,33560300,-2.29,AMD
2024-11-13,139.3000030517580,144.49000549316400,139.07000732421900,142.86000061035200,35146600,-2.49,AMD
2024-11-14,138.83999633789100,141.39999389648400,138.55999755859400,140.33999633789100,31681400,-1.07000000000000,AMD
2024-11-15,134.89999389648400,137.35000610351600,133.64999389648400,136.57000732421900,44217500,-1.22000000000000,AMD
2024-11-18,138.92999267578100,140.89999389648400,137.2100067138670,138.19000244140600,38782400,0.54000000000000,AMD
2024-11-19,139.38999938964800,139.75,137.13999938964800,137.41000366210900,23131400,1.44000000000000,AMD
2024-11-20,137.60000610351600,140.77000427246100,135.47999572753900,138.9600067138670,28843100,-0.98,AMD
2024-11-21,137.49000549316400,140.27999877929700,134.92999267578100,138.8699951171880,29311400,-0.99,AMD
2024-11-22,138.35000610351600,139.1300048828130,137.0399932861330,137.35000610351600,21784700,0.73000000000000,AMD
2024-11-25,141.1300048828130,142.35000610351600,139.0500030517580,140.49000549316400,30923100,0.46,AMD
2024-11-26,137.72000122070300,142.8000030517580,136.6199951171880,142.5500030517580,32092400,-3.39,AMD
2024-11-27,136.24000549316400,137.94000244140600,132.9600067138670,137.1999969482420,30175300,-0.7,AMD
2024-11-29,137.17999267578100,138.58999633789100,135.77999877929700,136.24000549316400,16085700,0.69000000000000,AMD
2024-12-02,142.05999755859400,142.82000732421900,137.8000030517580,137.9199981689450,33102400,3,AMD
2024-12-03,141.97999572753900,143.4499969482420,141.0800018310550,142.5800018310550,22665300,-0.42,AMD
2024-12-04,143.99000549316400,144.1199951171880,141.17999267578100,142.9600067138670,25942700,0.72,AMD
2024-12-05,141.36000061035200,143.9499969482420,140.3800048828130,143.67999267578100,29576900,-1.61000000000000,AMD
2024-12-06,138.58999633789100,142.7899932861330,137.39999389648400,141.47999572753900,33576800,-2.04000000000000,AMD
2024-12-09,130.8699951171880,135.77000427246100,130.0,135.7100067138670,57055600,-3.5700000000000,AMD
2024-12-10,127.73999786377000,131.55999755859400,127.06999969482400,131.55999755859400,38907200,-2.90000000000000,AMD
2024-12-11,130.14999389648400,131.2100067138670,126.22000122070300,128.52000427246100,45588100,1.27000000000000,AMD
2024-12-12,130.60000610351600,132.32000732421900,129.07000732421900,130.0,34267100,0.46,AMD
2024-12-13,126.91000366210900,131.3000030517580,124.7699966430660,131.3000030517580,67544700,-3.34,AMD
2024-12-16,126.69000244140600,127.76000213623000,123.12000274658200,126.01000213623000,42090300,0.54000000000000,AMD
2024-12-17,125.0199966430660,127.08000183105500,123.1500015258790,124.44999694824200,43314900,0.46,AMD
2024-12-18,121.41000366210900,127.75,120.43000030517600,125.43000030517600,49724400,-3.20000000000000,AMD
2024-12-19,118.87999725341800,123.37999725341800,118.44999694824200,122.16000366210900,46160700,-2.69000000000000,AMD
2024-12-20,119.20999908447300,121.86000061035200,117.9000015258790,118.0,53591200,1.03,AMD
2024-12-23,124.5999984741210,126.33999633789100,120.47000122070300,120.70999908447300,47777900,3.22,AMD
2024-12-24,126.29000091552700,127.51000213623000,124.66000366210900,127.51000213623000,24829600,-0.96000000000000,AMD
2024-12-26,125.05999755859400,127.30000305175800,125.05000305175800,125.5199966430660,24998200,-0.37,AMD
2024-12-27,125.19000244140600,126.18000030517600,122.26000213623000,124.37000274658200,32924000,0.66000000000000,AMD
2024-12-30,122.44000244140600,124.0999984741210,122.3499984741210,123.55999755859400,30501600,-0.91000000000000,AMD
2024-12-31,120.79000091552700,123.55000305175800,120.13999938964800,123.0999984741210,30203400,-1.88,AMD
2025-01-02,120.62999725341800,123.13999938964800,119.44000244140600,122.29000091552700,34256200,-1.36000000000000,AMD
2025-01-03,125.37000274658200,125.55999755859400,121.41999816894500,121.6500015258790,36785300,3.06,AMD
2025-01-06,129.5500030517580,130.72999572753900,127.36000061035200,129.07000732421900,48020200,0.37,AMD
2025-01-07,127.33000183105500,131.7100067138670,126.8499984741210,130.50999450683600,39220400,-2.44000000000000,AMD
2025-01-08,121.83999633789100,125.30000305175800,120.12000274658200,124.51000213623000,46723100,-2.14000000000000,AMD
2025-01-10,116.04000091552700,118.70999908447300,114.44999694824200,118.18000030517600,59415600,-1.81000000000000,AMD
2025-01-13,117.31999969482400,117.4800033569340,114.41000366210900,115.27999877929700,39128900,1.77000000000000,AMD
2025-01-14,116.08999633789100,118.66000366210900,114.5,118.0,37005300,-1.62,AMD
2025-01-15,119.95999908447300,120.41999816894500,117.45999908447300,117.55000305175800,38185800,2.05000000000000,AMD
2025-01-16,118.44000244140600,121.08999633789100,118.25,120.23999786377000,29414100,-1.50000000000000,AMD
2025-01-17,121.45999908447300,122.73999786377000,120.55000305175800,120.77999877929700,35765900,0.56000000000000,AMD
2025-01-21,122.27999877929700,123.75,121.12000274658200,122.38999938964800,31578800,-0.09000000000000,AMD
2025-01-22,123.75,125.6500015258790,121.91000366210900,123.08000183105500,35023800,0.54,AMD
2025-01-23,123.04000091552700,123.70999908447300,120.62999725341800,121.43000030517600,24921100,1.33000000000000,AMD
2025-01-24,122.83999633789100,125.25,122.2300033569340,124.55000305175800,31570300,-1.37000000000000,AMD
2025-01-27,115.01000213623000,118.08000183105500,112.80000305175800,117.80000305175800,61067900,-2.37000000000000,AMD
2025-01-28,114.16999816894500,116.1500015258790,112.94999694824200,115.18000030517600,40554800,-0.88000000000000,AMD
2025-01-29,117.3499984741210,118.5199966430660,114.95999908447300,115.7699966430660,40199100,1.3600000000000,AMD
2025-01-30,118.86000061035200,120.44000244140600,117.08999633789100,118.52999877929700,29788400,0.28000000000000,AMD
2025-01-31,115.94999694824200,119.56999969482400,115.33000183105500,119.13999938964800,40463400,-2.68000000000000,AMD
2024-08-02,21.3445987701416,21.8414469830145,20.291281089542200,21.801700111553900,300895900,-2.1,INTC
2024-08-05,19.983234405517600,20.26146817330120,19.168403693593600,20.072667229541000,147385700,-0.450000000000000,INTC
2024-08-06,19.704999923706100,20.4999563012095,19.62550428595570,20.191910941842600,106670400,-2.410000000000000,INTC
2024-08-07,18.989999771118200,20.25,18.950000762939500,19.920000076293900,97972300,-4.670000000000000,INTC
2024-08-08,20.489999771118200,20.549999237060500,18.84000015258790,19.100000381469700,96836800,7.280000000000000,INTC
2024-08-09,19.709999084472700,20.149999618530300,19.5,20.079999923706100,76394500,-1.840000000000000,INTC
2024-08-12,19.360000610351600,19.969999313354500,19.0,19.8700008392334,54677600,-2.57,INTC
2024-08-13,20.469999313354500,20.479999542236300,19.469999313354500,19.479999542236300,77511300,5.080000000000000,INTC
2024-08-14,19.920000076293900,20.5,19.790000915527300,20.489999771118200,56758200,-2.780000000000000,INTC
2024-08-15,20.690000534057600,21.059999465942400,20.229999542236300,20.31999969482420,84814900,1.82,INTC
2024-08-16,20.8700008392334,20.899999618530300,20.40999984741210,20.530000686645500,48582700,1.66,INTC
2024-08-19,21.520000457763700,21.860000610351600,20.84000015258790,20.889999389648400,65956300,3.020000000000000,INTC
2024-08-20,20.989999771118200,21.229999542236300,20.81999969482420,21.209999084472700,84161300,-1.040000000000000,INTC
2024-08-21,21.40999984741210,21.440000534057600,21.06999969482420,21.06999969482420,57028900,1.61000000000000,INTC
2024-08-22,20.100000381469700,21.399999618530300,20.040000915527300,21.389999389648400,81444700,-6.030000000000000,INTC
2024-08-23,20.540000915527300,20.93000030517580,20.260000228881800,20.31999969482420,73398400,1.08,INTC
2024-08-26,20.1299991607666,20.559999465942400,19.950000762939500,20.530000686645500,58534800,-1.95,INTC
2024-08-27,20.06999969482420,20.260000228881800,19.84000015258790,20.1299991607666,43862000,-0.3,INTC
2024-08-28,19.610000610351600,20.110000610351600,19.510000228881800,19.979999542236300,50144900,-1.850000000000000,INTC
2024-08-29,20.1299991607666,20.600000381469700,19.75,19.760000228881800,64529700,1.87,INTC
2024-08-30,22.040000915527300,22.1200008392334,21.0,21.25,177785400,3.72,INTC
2024-09-03,20.100000381469700,21.690000534057600,19.989999771118200,21.540000915527300,115305500,-6.690000000000000,INTC
2024-09-04,19.43000030517580,20.049999237060500,19.280000686645500,19.760000228881800,85871900,-1.67,INTC
2024-09-05,19.399999618530300,19.899999618530300,19.239999771118200,19.280000686645500,65388800,0.620000000000000,INTC
2024-09-06,18.889999389648400,19.489999771118200,18.639999389648400,19.440000534057600,92686500,-2.830000000000000,INTC
2024-09-09,19.06999969482420,19.540000915527300,18.950000762939500,19.0,64244100,0.37,INTC
2024-09-10,18.979999542236300,19.110000610351600,18.510000228881800,19.030000686645500,55621300,-0.260000000000000,INTC
2024-09-11,19.639999389648400,19.690000534057600,18.520000457763700,19.010000228881800,71403100,3.310000000000000,INTC
2024-09-12,19.360000610351600,19.540000915527300,19.040000915527300,19.43000030517580,51602900,-0.36,INTC
2024-09-13,19.65999984741210,19.799999237060500,19.489999771118200,19.489999771118200,44236300,0.87,INTC
2024-09-16,20.90999984741210,21.06999969482420,19.760000228881800,20.030000686645500,149337000,4.39,INTC
2024-09-17,21.469999313354500,22.579999923706100,21.239999771118200,21.709999084472700,196249800,-1.110000000000000,INTC
2024-09-18,20.770000457763700,21.739999771118200,20.719999313354500,21.360000610351600,118727900,-2.760000000000000,INTC
2024-09-19,21.139999389648400,21.690000534057600,21.030000686645500,21.280000686645500,99829200,-0.660000000000000,INTC
2024-09-20,21.84000015258790,23.139999389648400,20.350000381469700,20.889999389648400,260377900,4.55,INTC
2024-09-23,22.559999465942400,22.81999969482420,22.030000686645500,22.43000030517580,184439100,0.58,INTC
2024-09-24,22.809999465942400,23.110000610351600,22.290000915527300,22.530000686645500,113082500,1.240000000000000,INTC
2024-09-25,23.540000915527300,24.059999465942400,22.729999542236300,22.799999237060500,117013400,3.250000000000000,INTC
2024-09-26,23.920000076293900,24.420000076293900,23.25,24.280000686645500,95416900,-1.480000000000000,INTC
2024-09-27,23.90999984741210,24.65999984741210,23.700000762939500,24.15999984741210,85883300,-1.03000000000000,INTC
2024-09-30,23.459999084472700,23.950000762939500,23.09000015258790,23.739999771118200,66308200,-1.180000000000000,INTC
2024-10-01,22.690000534057600,23.719999313354500,22.260000228881800,23.459999084472700,86344400,-3.280000000000000,INTC
2024-10-02,22.389999389648400,23.06999969482420,22.350000381469700,22.670000076293900,59033900,-1.240000000000000,INTC
2024-10-03,22.260000228881800,22.729999542236300,21.649999618530300,22.139999389648400,49565900,0.540000000000000,INTC
2024-10-04,22.59000015258790,22.90999984741210,22.299999237060500,22.700000762939500,49845500,-0.48,INTC
2024-10-07,22.3799991607666,22.649999618530300,22.020000457763700,22.399999618530300,54928700,-0.09,INTC
2024-10-08,23.31999969482420,23.420000076293900,22.049999237060500,22.25,58650500,4.81,INTC
2024-10-09,23.459999084472700,23.479999542236300,23.059999465942400,23.25,44759000,0.9,INTC
2024-10-10,23.219999313354500,23.530000686645500,22.959999084472700,23.190000534057600,44874600,0.130000000000000,INTC
2024-10-11,23.559999465942400,23.81999969482420,22.979999542236300,23.049999237060500,43585300,2.210000000000000,INTC
2024-10-14,23.440000534057600,23.770000457763700,23.270000457763700,23.579999923706100,35403600,-0.590000000000000,INTC
2024-10-15,22.65999984741210,23.719999313354500,22.469999313354500,23.40999984741210,68900600,-3.20000000000000,INTC
2024-10-16,22.309999465942400,22.540000915527300,21.739999771118200,22.3799991607666,62151800,-0.31,INTC
2024-10-17,22.440000534057600,22.81999969482420,22.399999618530300,22.719999313354500,43807600,-1.230000000000000,INTC
2024-10-18,22.770000457763700,22.81999969482420,22.5,22.610000610351600,39971700,0.710000000000000,INTC
2024-10-21,22.84000015258790,22.8799991607666,22.25,22.610000610351600,39727000,1.02,INTC
2024-10-22,22.399999618530300,22.81999969482420,22.170000076293900,22.729999542236300,50160400,-1.450000000000000,INTC
2024-10-23,21.979999542236300,22.43000030517580,21.579999923706100,22.299999237060500,45799100,-1.430000000000000,INTC
2024-10-24,22.34000015258790,22.3700008392334,21.969999313354500,22.09000015258790,40554400,1.13000000000000,INTC
2024-10-25,22.68000030517580,23.34000015258790,22.40999984741210,22.420000076293900,67503000,1.16,INTC
2024-10-28,22.920000076293900,23.270000457763700,22.559999465942400,22.670000076293900,41915000,1.100000000000000,INTC
2024-10-29,22.899999618530300,23.139999389648400,22.40999984741210,22.8700008392334,83422200,0.13,INTC
2024-10-30,22.299999237060500,22.93000030517580,22.260000228881800,22.420000076293900,50941200,-0.540000000000000,INTC
2024-10-31,21.520000457763700,22.25,21.469999313354500,22.149999618530300,112485500,-2.840000000000000,INTC
2024-11-01,23.200000762939500,23.579999923706100,21.90999984741210,23.0,173471100,0.87,INTC
2024-11-04,22.520000457763700,23.0,22.0,22.959999084472700,84616300,-1.920000000000000,INTC
2024-11-05,23.31999969482420,23.579999923706100,22.399999618530300,22.579999923706100,59153300,3.28,INTC
2024-11-06,25.049999237060500,25.1200008392334,24.049999237060500,24.299999237060500,116760500,3.090000000000000,INTC
2024-11-07,26.229999542236300,26.3799991607666,25.190000534057600,25.43000030517580,101489300,3.15,INTC
2024-11-08,26.200000762939500,26.43000030517580,25.829999923706100,26.0,76428000,0.77,INTC
2024-11-11,25.049999237060500,26.290000915527300,24.829999923706100,25.959999084472700,80185300,-3.510000000000000,INTC
2024-11-12,24.15999984741210,24.959999084472700,23.889999389648400,24.65999984741210,62539700,-2.03000000000000,INTC
2024-11-13,24.920000076293900,25.139999389648400,24.020000457763700,24.059999465942400,58202000,3.570000000000000,INTC
2024-11-14,25.030000686645500,25.610000610351600,24.93000030517580,25.1200008392334,49252100,-0.36,INTC
2024-11-15,24.350000381469700,24.81999969482420,24.229999542236300,24.809999465942400,55104900,-1.850000000000000,INTC
2024-11-18,24.84000015258790,25.020000457763700,24.15999984741210,24.329999923706100,59667300,2.1,INTC
2024-11-19,24.200000762939500,24.540000915527300,24.100000381469700,24.5,61190900,-1.22,INTC
2024-11-20,24.010000228881800,24.209999084472700,23.549999237060500,24.06999969482420,50191500,-0.25,INTC
2024-11-21,24.440000534057600,24.770000457763700,23.829999923706100,24.079999923706100,58928400,1.500000000000000,INTC
2024-11-22,24.5,24.68000030517580,24.139999389648400,24.350000381469700,36784700,0.62,INTC
2024-11-25,24.8700008392334,25.56999969482420,24.760000228881800,25.040000915527300,91128400,-0.68,INTC
2024-11-26,24.049999237060500,24.989999771118200,23.809999465942400,24.950000762939500,69613600,-3.610000000000000,INTC
2024-11-27,23.649999618530300,23.93000030517580,23.059999465942400,23.829999923706100,53992300,-0.760000000000000,INTC
2024-11-29,24.049999237060500,24.280000686645500,23.600000381469700,23.719999313354500,36616800,1.390000000000000,INTC
2024-12-02,23.93000030517580,25.479999542236300,23.440000534057600,24.84000015258790,150497900,-3.66000000000000,INTC
2024-12-03,22.469999313354500,23.75,22.440000534057600,23.68000030517580,138160500,-5.11,INTC
2024-12-04,21.959999084472700,22.540000915527300,21.809999465942400,22.530000686645500,104649000,-2.530000000000000,INTC
2024-12-05,20.799999237060500,22.190000534057600,20.65999984741210,22.040000915527300,167993500,-5.630000000000000,INTC
2024-12-06,20.920000076293900,21.049999237060500,20.65999984741210,20.950000762939500,78539100,-0.140000000000000,INTC
2024-12-09,20.809999465942400,21.059999465942400,20.729999542236300,20.920000076293900,68818200,-0.530000000000000,INTC
2024-12-10,20.15999984741210,20.860000610351600,19.959999084472700,20.829999923706100,90004800,-3.22,INTC
2024-12-11,20.1200008392334,20.25,19.8700008392334,20.139999389648400,75209300,-0.1,INTC
2024-12-12,20.780000686645500,20.899999618530300,19.920000076293900,20.020000457763700,77695000,3.800000000000000,INTC
2024-12-13,20.34000015258790,20.799999237060500,20.25,20.600000381469700,55104100,-1.26,INTC
2024-12-16,20.829999923706100,21.100000381469700,20.0,20.170000076293900,73832900,3.270000000000000,INTC
2024-12-17,20.440000534057600,20.770000457763700,20.290000915527300,20.639999389648400,51767200,-0.970000000000000,INTC
2024-12-18,19.299999237060500,20.579999923706100,19.209999084472700,20.479999542236300,86041200,-5.760000000000000,INTC
2024-12-19,19.059999465942400,19.690000534057600,19.030000686645500,19.530000686645500,69117800,-2.410000000000000,INTC
2024-12-20,19.520000457763700,19.760000228881800,18.899999618530300,18.969999313354500,108453700,2.900000000000000,INTC
2024-12-23,20.200000762939500,20.229999542236300,19.520000457763700,19.579999923706100,57988400,3.170000000000000,INTC
2024-12-24,20.399999618530300,20.399999618530300,19.959999084472700,20.219999313354500,29884000,0.890000000000000,INTC
2024-12-26,20.440000534057600,20.670000076293900,20.079999923706100,20.229999542236300,39846200,1.040000000000000,INTC
2024-12-27,20.299999237060500,20.610000610351600,20.09000015258790,20.209999084472700,48260800,0.450000000000000,INTC
2024-12-30,19.81999969482420,20.110000610351600,19.729999542236300,20.010000228881800,59608100,-0.95,INTC
2024-12-31,20.049999237060500,20.399999618530300,19.8799991607666,19.989999771118200,49846700,0.300000000000000,INTC
2025-01-02,20.219999313354500,20.43000030517580,20.0,20.229999542236300,46438500,-0.050000000000000,INTC
2025-01-03,20.559999465942400,20.670000076293900,20.059999465942400,20.389999389648400,48983900,0.830000000000000,INTC
2025-01-06,19.8700008392334,20.979999542236300,19.780000686645500,20.829999923706100,83271000,-4.61,INTC
2025-01-07,20.010000228881800,20.34000015258790,19.899999618530300,20.020000457763700,61726100,-0.050000000000000,INTC
2025-01-08,19.8799991607666,20.1200008392334,19.709999084472700,19.829999923706100,47897100,0.25,INTC
2025-01-10,19.149999618530300,19.65999984741210,18.90999984741210,19.65999984741210,71244600,-2.59,INTC
2025-01-13,19.200000762939500,19.25,18.729999542236300,18.920000076293900,50669000,1.480000000000000,INTC
2025-01-14,19.200000762939500,19.520000457763700,18.81999969482420,19.360000610351600,47147500,-0.830000000000000,INTC
2025-01-15,19.719999313354500,19.770000457763700,19.170000076293900,19.399999618530300,56306000,1.650000000000000,INTC
2025-01-16,19.670000076293900,19.950000762939500,19.399999618530300,19.75,44898100,-0.41,INTC
2025-01-17,21.489999771118200,21.6200008392334,20.790000915527300,21.260000228881800,166483900,1.080000000000000,INTC
2025-01-21,21.770000457763700,22.40999984741210,21.75,22.030000686645500,96262200,-1.180000000000000,INTC
2025-01-22,21.860000610351600,22.290000915527300,21.56999969482420,21.729999542236300,60972600,0.600000000000000,INTC
2025-01-23,21.56999969482420,21.75,21.350000381469700,21.690000534057600,55778200,-0.55,INTC
2025-01-24,20.829999923706100,21.40999984741210,20.75,21.360000610351600,66300600,-2.480000000000000,INTC
2025-01-27,20.290000915527300,21.059999465942400,20.139999389648400,20.809999465942400,83582100,-2.500000000000000,INTC
2025-01-28,19.799999237060500,20.34000015258790,19.739999771118200,20.34000015258790,73411400,-2.65,INTC
2025-01-29,19.75,20.079999923706100,19.65999984741210,19.8700008392334,86506800,-0.6,INTC
2025-01-30,20.010000228881800,20.100000381469700,19.43000030517580,19.719999313354500,108167000,1.470000000000000,INTC
2025-01-31,19.43000030517580,20.329999923706100,19.3799991607666,20.100000381469700,117081700,-3.33,INTC
2024-08-02,157.66616821289100,162.56508895518600,155.90453622961100,158.86368955499700,16618900,-0.75000000000000,QCOM
2024-08-05,156.32022094726600,161.13998107830000,149.82791143421800,151.68851785613200,12733900,3.05000000000000,QCOM
2024-08-06,157.082275390625,161.94161599980200,154.88518088183000,156.78536787026300,9301000,0.19,QCOM
2024-08-07,154.50909423828100,162.6244958426700,153.89549644821700,161.89212598579000,9266900,-4.56000000000000,QCOM
2024-08-08,163.24798583984400,163.88138149447700,156.24103791595400,159.08143453241900,9590900,2.62000000000000,QCOM
2024-08-09,162.7828369140630,164.17829169360700,160.3086327381380,162.37707890623200,4824600,0.25,QCOM
2024-08-12,161.20924377441400,161.70408460067200,155.79568392703900,158.9032837118890,8548000,1.45,QCOM
2024-08-13,167.72134399414100,167.81041171489900,161.59521239963100,162.6046918722500,11102100,3.15,QCOM
2024-08-14,165.42527770996100,169.4928697960040,163.02035860794000,168.8792720204450,7208200,-2.05,QCOM
2024-08-15,171.55140686035200,172.83799597517500,168.84958029016300,169.9778167228730,10752100,0.93,QCOM
2024-08-16,170.40338134765600,171.5910114233620,168.8693868523330,170.51224693455100,5435700,-0.06000000000000,QCOM
2024-08-19,172.4619140625,172.5213076449650,166.99888238046700,169.79968318368800,6708100,1.57,QCOM
2024-08-20,170.33412170410200,173.619857167027,169.38402060679900,172.06606471685600,6222400,-1.01000000000000,QCOM
2024-08-21,172.42234802246100,173.06563509080500,170.3044297757360,171.20504375249200,6309500,0.71000000000000,QCOM
2024-08-22,167.25621032714800,172.78852750595400,166.64261249447300,172.50152645235200,6743500,-3.04000000000000,QCOM
2024-08-23,171.7097625732420,172.81820116491600,168.8693811314060,169.98771110288300,6823600,1.01,QCOM
2024-08-26,167.7411346435550,170.6013137752280,166.79103369228600,170.19554070742900,7437600,-1.44,QCOM
2024-08-27,172.13531494140600,172.64006222667000,166.53372851354700,167.42443592078300,6498800,2.81000000000000,QCOM
2024-08-28,170.07679748535200,173.9068606359970,167.8797030156350,172.5806908501590,6534600,-1.45,QCOM
2024-08-29,167.7411346435550,174.54024219328700,167.18690027953200,171.63057596287200,12514200,-2.27,QCOM
2024-08-30,173.49119567871100,173.649548366498,169.03762826876800,170.51224425742300,11110800,1.75000000000000,QCOM
2024-09-03,161.55563354492200,170.38359180827700,160.32842289614700,170.11637354174100,11620300,-5.03000000000000,QCOM
2024-09-04,163.6240692138670,166.5040464433370,160.95193177575200,161.3181091542860,6737000,1.4300000000000,QCOM
2024-09-05,162.84812927246100,164.93720729197000,161.00776547373600,162.23136050719400,5600000,0.38000000000000,QCOM
2024-09-06,157.36680603027300,162.3407868002830,156.3123245357330,161.89313156685900,10703000,-2.80000000000000,QCOM
2024-09-09,159.93338012695300,161.52504484779000,157.74483164868700,160.25170699936700,7494900,-0.20000000000000,QCOM
2024-09-10,160.83863830566400,161.216665709609,156.85945360522400,159.16738801758400,7918100,1.05000000000000,QCOM
2024-09-11,165.69325256347700,166.03147962826100,158.42129477368100,161.51511156136600,8275400,2.59000000000000,QCOM
2024-09-12,164.1214599609380,165.44454062475300,162.05228220560600,165.01678557838800,6045600,-0.54,QCOM
2024-09-13,166.85716247558600,167.42420359603000,164.57908585515300,164.94715559197000,4049900,1.16000000000000,QCOM
2024-09-16,165.74298095703100,166.46917786913100,162.93764863289400,164.0717155942850,6510000,1.02,QCOM
2024-09-17,167.82211303710900,168.6179530193910,165.21575189503900,168.00118424333100,5828000,-0.11000000000000,QCOM
2024-09-18,167.4241943359380,171.52274959829800,166.82731057683900,168.63784684788800,5877600,-0.72,QCOM
2024-09-19,173.0149383544920,175.87995602069800,171.59238719733700,173.51233641157600,10900000,-0.29,QCOM
2024-09-20,168.0409698486330,172.16938312647000,163.44501632860200,171.79135571854200,27546400,-2.18,QCOM
2024-09-23,165.09637451171900,169.09544407598100,164.48954825753200,167.5435645221620,9810000,-1.46,QCOM
2024-09-24,166.0812225341800,168.4786850189440,165.11626900594500,166.5487779624740,9666800,-0.2800000000000,QCOM
2024-09-25,167.39434814453100,167.7126750111380,164.89740015686200,165.41469839190600,5095500,1.20000000000000,QCOM
2024-09-26,171.76150512695300,174.8354215556330,165.91209896800200,173.9997964413210,8475000,-1.29,QCOM
2024-09-27,169.2446746826170,172.54739002345100,168.9462328002840,172.09973478964300,5880700,-1.66,QCOM
2024-09-30,169.1650848388670,171.33373311483600,166.87705070539000,170.47820783638400,8099700,-0.77,QCOM
2024-10-01,164.9173126220700,169.4038380140620,163.22616211999400,168.91639759145900,8277600,-2.37,QCOM
2024-10-02,167.444091796875,168.86664297589900,164.29057470862700,165.2853708380880,4484600,1.31,QCOM
2024-10-03,168.0409698486330,168.64779612901900,164.79793974818200,165.08642396307400,6260200,1.79,QCOM
2024-10-04,168.0210723876950,171.9007866817790,165.6136674012180,171.6520876313660,6586500,-2.1200000000000,QCOM
2024-10-07,166.07127380371100,167.84200975868800,164.87752144453600,166.76762808161400,4359300,-0.42000000000000,QCOM
2024-10-08,165.47439575195300,166.84721936110000,162.80834923032300,164.00210163074500,7843500,0.90000000000000,QCOM
2024-10-09,169.33419799804700,169.4137835097550,163.81307645582800,165.08641428438100,5486500,2.57000000000000,QCOM
2024-10-10,167.64305114746100,167.87185001132300,164.46964900595300,166.3597556158080,5048000,0.77,QCOM
2024-10-11,169.09544372558600,169.54309895297000,166.0016271212060,167.12575161746500,3801400,1.18000000000000,QCOM
2024-10-14,177.11349487304700,177.93917747579100,170.01065116949900,170.4483638918590,9933600,3.91,QCOM
2024-10-15,173.18406677246100,178.89420242363900,171.85104350784000,176.29778373510000,12910400,-1.77000000000000,QCOM
2024-10-16,170.587646484375,173.76104876054200,169.33420874901400,173.7113059151440,6495700,-1.8,QCOM
2024-10-17,170.20962524414100,174.70609285770300,170.13003973159300,174.70609285770300,6093200,-2.57000000000000,QCOM
2024-10-18,170.0305633544920,171.6819286766470,168.5383690661470,171.214373251948,6432700,-0.69,QCOM
2024-10-21,168.1304931640630,169.28446035015500,165.20580521083300,168.75721960087500,7297700,-0.37,QCOM
2024-10-22,172.27879333496100,172.5772352216660,167.3545553321830,168.1304951299840,7313000,2.47,QCOM
2024-10-23,165.73304748535200,171.74160965479000,163.44501326549300,168.45877926798400,9788200,-1.62000000000000,QCOM
2024-10-24,167.22523498535200,168.06086008880400,164.66860165339400,165.74298329185400,4933400,0.89000000000000,QCOM
2024-10-25,169.38394165039100,172.27878685825600,168.9263287507290,169.39388414713300,5496600,-0.01000000000000,QCOM
2024-10-28,171.32379150390600,172.24894462291900,168.48861644872900,168.5383592913320,5024600,1.65,QCOM
2024-10-29,175.08412170410200,175.6511627934520,170.36878250726500,171.30389331325000,6427700,2.21000000000000,QCOM
2024-10-30,166.7477264404300,170.84629691601500,166.65819842964100,169.03576063001700,8819700,-1.35,QCOM
2024-10-31,161.9229736328130,166.9068968811830,161.23656186041100,166.7477258540850,10261200,-2.8900000000000,QCOM
2024-11-01,164.4099578857420,165.21574030876700,161.92296760263700,162.23135196904100,6498100,1.34,QCOM
2024-11-04,164.32041931152300,166.6283536451310,162.78843993305900,164.20104863198700,4949800,0.07000000000000,QCOM
2024-11-05,165.046630859375,166.71788108471300,163.39526562763600,164.14136273095800,5373200,0.55,QCOM
2024-11-06,172.0897979736330,177.52137665798200,167.79227115669300,168.3692547670810,17661900,2.2100000000000,QCOM
2024-11-07,172.0102081298830,181.15238729349800,170.73687025601900,179.3319084942910,23586300,-4.0800000000000,QCOM
2024-11-08,170.02061462402300,172.58719052741100,167.87185128452900,171.19446680171600,10736600,-0.69000000000000,QCOM
2024-11-11,167.41424560546900,169.90123610229600,165.22569700413800,169.1153537842280,7829500,-1.01,QCOM
2024-11-12,162.5596466064450,166.45924579107800,161.0177094992550,166.18070407641800,8483300,-2.18,QCOM
2024-11-13,159.585205078125,162.092095760139,158.91869344358100,161.94286722204400,7921700,-1.46,QCOM
2024-11-14,163.11672973632800,164.05184056785100,161.02765170082400,162.10203338942200,7012600,0.63000000000000,QCOM
2024-11-15,159.66477966308600,163.47485068155700,158.76946921336400,162.1517700005170,9737000,-1.53,QCOM
2024-11-18,163.6439666748050,164.28063560362900,161.15697629980800,161.7538600615610,7816800,1.1700000000000,QCOM
2024-11-19,163.85287475585900,165.36495392127500,161.80358200858600,163.17640550448200,6176800,0.41000000000000,QCOM
2024-11-20,153.4672088623050,163.345527509939,152.15407063636800,163.14657131250800,14483000,-5.93,QCOM
2024-11-21,154.65101623535200,156.12331028786100,152.79073711193900,154.35257435432500,10685800,0.19000000000000,QCOM
2024-11-22,155.9740753173830,156.06361850356300,152.9300016512520,153.98448309853800,5709300,1.29,QCOM
2024-11-25,157.9935302734380,158.8191977119490,156.40185037735600,158.11290095285900,9189800,-0.08,QCOM
2024-11-26,156.1133575439450,160.62974071035700,155.27773239417800,158.91869006308900,9489900,-1.77,QCOM
2024-11-27,155.5861053466800,156.82960048269700,153.656213646264,156.11334607000000,6337900,-0.34,QCOM
2024-11-29,157.7050323486330,160.6794782998910,156.92909256645800,157.28721978741500,6112000,0.27,QCOM
2024-12-02,162.18161010742200,162.5198371449160,157.55581422465000,157.55581422465000,9812700,2.94000000000000,QCOM
2024-12-03,161.7339630126950,163.00730089494100,160.48052530406100,160.65958132841600,6961400,0.67,QCOM
2024-12-04,162.49000549316400,164.14137080614500,161.39573879542100,163.62407253883100,6721600,-0.69000000000000,QCOM
2024-12-05,160.38999938964800,164.4499969482420,159.92999267578100,162.58999633789100,7279800,-1.35000000000000,QCOM
2024-12-06,159.50999450683600,160.38999938964800,157.24000549316400,160.38999938964800,9918400,-0.55000000000000,QCOM
2024-12-09,160.74000549316400,162.92999267578100,157.47000122070300,157.47999572753900,9481200,2.07000000000000,QCOM
2024-12-10,156.4600067138670,161.49000549316400,156.0399932861330,160.77000427246100,8683600,-2.68,QCOM
2024-12-11,159.8300018310550,160.4600067138670,156.97000122070300,157.2899932861330,7081800,1.6100000000000,QCOM
2024-12-12,158.24000549316400,159.4600067138670,156.9199981689450,158.6699981689450,5796100,-0.27,QCOM
2024-12-13,158.52999877929700,159.67999267578100,156.6199951171880,158.24000549316400,8886700,0.18000000000000,QCOM
2024-12-16,157.88999938964800,158.7100067138670,154.02000427246100,158.16000366210900,9951100,-0.17000000000000,QCOM
2024-12-17,157.9199981689450,159.97999572753900,156.49000549316400,156.49000549316400,7187400,0.91,QCOM
2024-12-18,153.0500030517580,161.16000366210900,152.32000732421900,158.25,10295200,-3.29,QCOM
2024-12-19,150.39999389648400,155.47000122070300,150.05999755859400,154.02999877929700,8414800,-2.36000000000000,QCOM
2024-12-20,152.88999938964800,154.57000732421900,149.42999267578100,149.5800018310550,17347100,2.21,QCOM
2024-12-23,158.24000549316400,158.69000244140600,154.5500030517580,155.66000366210900,8863200,1.66000000000000,QCOM
2024-12-24,159.36000061035200,159.39999389648400,157.5399932861330,158.63999938964800,2839600,0.45000000000000,QCOM
2024-12-26,158.52999877929700,159.55999755859400,157.35000610351600,157.39999389648400,3846900,0.72000000000000,QCOM
2024-12-27,157.24000549316400,157.75,155.52000427246100,157.19000244140600,7232500,0.03000000000000,QCOM
2024-12-30,154.5800018310550,156.1300048828130,153.8000030517580,155.22999572753900,5356000,-0.42,QCOM
2024-12-31,153.6199951171880,155.83999633789100,153.2100067138670,154.72000122070300,4423300,-0.71,QCOM
2025-01-02,153.63999938964800,157.50999450683600,152.7899932861330,155.00999450683600,5009100,-0.88000000000000,QCOM
2025-01-03,157.8300018310550,158.44000244140600,154.49000549316400,155.4199981689450,5885800,1.5500000000000,QCOM
2025-01-06,159.85000610351600,165.6699981689450,159.3300018310550,159.3300018310550,9599800,0.33,QCOM
2025-01-07,160.52000427246100,163.4499969482420,159.25,162.0,7666000,-0.91,QCOM
2025-01-08,159.0800018310550,160.19000244140600,156.94000244140600,160.0500030517580,7731900,-0.6100000000000,QCOM
2025-01-10,156.97999572753900,158.27999877929700,155.5500030517580,157.6999969482420,6236800,-0.46,QCOM
2025-01-13,157.1300048828130,157.3699951171880,154.8000030517580,155.22000122070300,5714700,1.23,QCOM
2025-01-14,159.52999877929700,161.00999450683600,156.55999755859400,160.13999938964800,6476500,-0.38000000000000,QCOM
2025-01-15,164.41000366210900,165.4499969482420,162.08999633789100,162.10000610351600,9284000,1.43000000000000,QCOM
2025-01-16,161.42999267578100,165.83999633789100,161.27999877929700,165.35000610351600,7188900,-2.37000000000000,QCOM
2025-01-17,164.55999755859400,165.61000061035200,163.10000610351600,165.3800048828130,8097500,-0.5,QCOM
2025-01-21,167.27000427246100,168.67999267578100,165.35000610351600,166.0,7380500,0.77,QCOM
2025-01-22,170.24000549316400,172.08999633789100,168.19000244140600,168.32000732421900,7281700,1.14000000000000,QCOM
2025-01-23,174.36000061035200,174.3800048828130,169.3800048828130,170.3800048828130,7172300,2.34,QCOM
2025-01-24,172.11000061035200,175.1999969482420,171.94000244140600,175.10000610351600,5825800,-1.71000000000000,QCOM
2025-01-27,171.17999267578100,172.1999969482420,167.27999877929700,172.10000610351600,15632600,-0.53000000000000,QCOM
2025-01-28,171.5500030517580,173.49000549316400,169.80999755859400,170.22000122070300,8720200,0.78,QCOM
2025-01-29,171.7100067138670,173.49000549316400,170.22000122070300,171.5500030517580,5118900,0.0900000000000,QCOM
2025-01-30,171.92999267578100,173.5399932861330,170.97000122070300,172.33999633789100,6010600,-0.24000000000000,QCOM
2025-01-31,172.92999267578100,176.7899932861330,172.2899932861330,172.50999450683600,7800500,0.24000000000000,QCOM